,Unnamed: 0,Tipo,Título,ID,Mes Estreno,Año Estreno
0,0,Movie,Demonia,tt0094997,10.0,1990.0
1,1,Movie,Baby Blood,tt0096871,1.0,1990.0
2,2,Movie,Aquí huele a muerto... (¡pues yo no he sido!),tt0096830,1.0,1990.0
3,3,Movie,Pledge Night,tt0095878,12.0,1990.0
4,4,Movie,Bloodmoon,tt0096954,3.0,1990.0
5,5,Movie,Legion of Iron,tt0097726,8.0,1990.0
6,6,Movie,Hoi sum gwai gau hoi sum gwai,tt0097638,6.0,1990.0
7,7,Movie,Prom Night III: The Last Kiss,tt0098136,11.0,1990.0
8,8,Movie,Bride of Re-Animator,tt0099180,7.0,1990.0
9,9,Movie,Child's Play 2,tt0099253,11.0,1990.0
10,10,Movie,Qu mo jing cha,tt0098150,11.0,1990.0
11,11,Movie,I Bought a Vampire Motorcycle,tt0097550,7.0,1990.0
12,12,Movie,The Laughing Dead,tt0097718,,1990.0
13,13,Movie,Sangue negli abissi,tt0097178,9.0,1990.0
14,14,Movie,Metamorphosis,tt0097874,8.0,1990.0
15,15,Movie,Demonstone,tt0097184,2.0,1990.0
16,16,Movie,Der Todesking,tt0098486,1.0,1990.0
17,17,Movie,Spontaneous Combustion,tt0098375,2.0,1990.0
18,18,Movie,The Ambulance,tt0099026,10.0,1990.0
19,19,Movie,Dark Angel,tt0099817,9.0,1990.0
20,20,Movie,Predator 2,tt0100403,5.0,1991.0
31,31,Movie,Repossessed,tt0100475,9.0,1991.0
34,34,Movie,Def by Temptation,tt0099395,1.0,1991.0
42,42,Movie,Dead Men Don't Die,tt0099374,10.0,1991.0
63,63,Movie,The Reflecting Skin,tt0100469,3.0,1991.0
64,64,Movie,Sorority Girls and the Creature from Hell,tt0100662,8.0,1991.0
76,76,Movie,Look Who's Toxic,tt0100051,10.0,1991.0
88,88,Movie,Killer Crocodile 2,tt0099934,3.0,1991.0
92,92,Movie,Jacob's Ladder,tt0099871,2.0,1991.0
94,94,Movie,The Gate II: Trespassers,tt0099636,5.0,1991.0
96,96,Movie,The Exorcist III,tt0099528,6.0,1991.0
99,99,Movie,Meet the Applegates,tt0100129,2.0,1991.0
101,101,Movie,Tales from the Darkside: The Movie,tt0100740,11.0,1991.0
110,110,Movie,Highway to Hell,tt0102036,7.0,1991.0
129,129,Movie,Metamorphosis: The Alien Factor,tt0107561,6.0,1991.0
229,229,Movie,Jiang shi zhi zun,tt0093309,1.0,1991.0
230,230,Movie,Meng gui hu li jing,tt0097864,6.0,1991.0
232,232,Movie,The Returning,tt0100483,2.0,1991.0
233,233,Movie,Steel and Lace,tt0100688,1.0,1991.0
234,234,Movie,The Arrival,tt0099059,2.0,1991.0
133,133,Movie,The Suckling,tt0140581,2.0,1992.0
231,231,Movie,Psychic,tt0100430,5.0,1992.0
255,255,Movie,976-Evil II,tt0101256,8.0,1992.0
264,264,Movie,Lik wong,tt0102293,4.0,1992.0
278,278,Movie,Critters 3,tt0101627,1.0,1992.0
280,280,Movie,Afraid of the Dark,tt0101276,1.0,1992.0
281,281,Movie,Freddy's Dead: The Final Nightmare,tt0101917,3.0,1992.0
282,282,Movie,Immortal Sins,tt0101436,3.0,1992.0
285,285,Movie,The Refrigerator,tt0102767,12.0,1992.0
286,286,Movie,Der Mann nebenan,tt0102394,10.0,1992.0
297,297,Movie,Revenge of Billy the Kid,tt0102783,7.0,1992.0
302,302,Movie,Basket Case 3,tt0103773,2.0,1992.0
306,306,Movie,Highway to Hell,tt0104418,3.0,1992.0
312,312,Movie,De mensen onder de trap,tt0105121,4.0,1992.0
313,313,Movie,Scanners III: The Takeover,tt0105322,1.0,1992.0
421,421,Movie,Fertilize the Blaspheming Bombshell,tt0099562,3.0,1992.0
422,422,Movie,La mansión de los Cthulhu,tt0100108,1.0,1992.0
423,423,Movie,Hei tai yang 731 xu ji zhi sha ren gong chang,tt0099757,7.0,1992.0
424,424,Movie,Crystal Force,tt0099330,12.0,1992.0
426,426,Movie,Severed Ties,tt0101368,9.0,1992.0
70,70,Movie,Soultaker,tt0100665,2.0,1993.0
121,121,Movie,Hard to Die,tt0103111,3.0,1993.0
237,237,Movie,The Runestone,tt0100528,9.0,1993.0
311,311,Movie,The Resurrected,tt0105242,3.0,1993.0
432,432,Movie,Death Becomes Her,tt0104070,1.0,1993.0
434,434,Movie,Bram Stoker's Dracula,tt0103874,2.0,1993.0
439,439,Movie,Braindead,tt0103873,6.0,1993.0
440,440,Movie,Hua pi zhi: Yin yang fa wang,tt0104455,8.0,1993.0
442,442,Movie,Hellraiser III: Hell on Earth,tt0104409,5.0,1993.0
443,443,Movie,Candyman,tt0103919,4.0,1993.0
453,453,Movie,Dust Devil,tt0104155,4.0,1993.0
465,465,Movie,Doctor Mordrid,tt0104115,7.0,1993.0
467,467,Movie,Innocent Blood,tt0104511,4.0,1993.0
468,468,Movie,No Place to Hide,tt0105009,4.0,1993.0
471,471,Movie,The Lawnmower Man,tt0104692,5.0,1993.0
475,475,Movie,Star Time,tt0105464,4.0,1993.0
477,477,Movie,Terror 2000 - Intensivstation Deutschland,tt0105565,1.0,1993.0
481,481,Movie,Tale of a Vampire,tt0105527,7.0,1993.0
490,490,Movie,Children of the Corn II: The Final Sacrifice,tt0106557,1.0,1993.0
499,499,Movie,Army of Darkness,tt0106308,7.0,1993.0
128,128,Movie,Contamination .7,tt0106620,4.0,1994.0
241,241,Movie,Evil Spirits,tt0099523,4.0,1994.0
325,325,Movie,Il gioco delle ombre,tt0176762,4.0,1994.0
497,497,Movie,The Turn of the Screw,tt0105659,6.0,1994.0
616,616,Movie,Jack Be Nimble,tt0107242,2.0,1994.0
618,618,Movie,Body Melt,tt0106450,10.0,1994.0
640,640,Movie,Return of the Living Dead III,tt0107953,2.0,1994.0
646,646,Movie,Necronomicon,tt0107664,7.0,1994.0
652,652,Movie,Body Snatchers,tt0106452,2.0,1994.0
665,665,Movie,The Dark,tt0109551,6.0,1994.0
669,669,Movie,Pumpkinhead II: Blood Wings,tt0110913,3.0,1994.0
671,671,Movie,Skinner,tt0114466,,1994.0
675,675,Movie,Little Devils: The Birth,tt0133064,11.0,1994.0
739,739,Movie,Voci dal profondo,tt0100881,3.0,1994.0
740,740,Movie,El baile de las ánimas,tt0106346,1.0,1994.0
741,741,Movie,Beyond Bedlam,tt0106402,4.0,1994.0
742,742,Movie,Hellbound,tt0107101,3.0,1994.0
743,743,Movie,Future Shock,tt0106983,1.0,1994.0
744,744,Movie,Beg!,tt0109232,5.0,1994.0
745,745,Movie,Almost Dead,tt0109086,3.0,1994.0
605,605,Movie,Silent Tongue,tt0108135,1.0,1995.0
661,661,Movie,Yung see kei on,tt0107984,6.0,1995.0
662,662,Movie,Needful Things,tt0107665,4.0,1995.0
746,746,Movie,Brainscan,tt0109327,4.0,1995.0
758,758,Movie,Death Machine,tt0109575,5.0,1995.0
760,760,Movie,Exquisite Tenderness,tt0109761,1.0,1995.0
765,765,Movie,Frankenstein,tt0109836,1.0,1995.0
771,771,Movie,Nadja,tt0110620,9.0,1995.0
773,773,Movie,Karanlik sular,tt0110242,8.0,1995.0
796,796,Movie,Wes Craven's New Nightmare,tt0111686,1.0,1995.0
808,808,Movie,In the Mouth of Madness,tt0113409,6.0,1995.0
866,866,Movie,Witch Academy,tt0108576,12.0,1995.0
868,868,Movie,Children of the Corn III: Urban Harvest,tt0109415,6.0,1995.0
869,869,Movie,Embrace of the Vampire,tt0109723,6.0,1995.0
871,871,Movie,The Upstairs Neighbour,tt0111574,12.0,1995.0
872,872,Movie,Toughguy,tt0111464,1.0,1995.0
875,875,Movie,The Demolitionist,tt0112843,3.0,1995.0
876,876,Movie,El día de la bestia,tt0112922,10.0,1995.0
877,877,Movie,Carnosaur 2,tt0112634,1.0,1995.0
878,878,Movie,Bu yi yang de ma ma,tt0112591,3.0,1995.0
870,870,Movie,Témoin muet,tt0110604,2.0,1996.0
874,874,Movie,The Grotesque,tt0113224,6.0,1996.0
881,881,Movie,Halloween: The Curse of Michael Myers,tt0113253,5.0,1996.0
888,888,Movie,Grim,tt0113221,2.0,1996.0
897,897,Movie,Der Kopf des Mohren,tt0113571,12.0,1996.0
903,903,Movie,Huntress: Spirit of the Night,tt0113361,12.0,1996.0
913,913,Movie,Alien Terminator,tt0112320,10.0,1996.0
923,923,Movie,Lord of Illusions,tt0113690,4.0,1996.0
927,927,Movie,Night of the Scarecrow,tt0113982,8.0,1996.0
941,941,Movie,The Sandman,tt0114334,,1996.0
942,942,Movie,Screamers,tt0114367,8.0,1996.0
944,944,Movie,Serpent's Lair,tt0114394,8.0,1996.0
945,945,Movie,Vampire in Brooklyn,tt0114825,6.0,1996.0
985,985,Movie,Mirror Mirror 3: The Voyeur,tt0199772,10.0,1996.0
1037,1037,Movie,Drzewa,tt0112908,11.0,1996.0
1038,1038,Movie,Night Hunter,tt0113981,3.0,1996.0
1039,1039,Movie,Sobrenatural,tt0114485,10.0,1996.0
1040,1040,Movie,Eko eko azaraku II,tt0116178,4.0,1996.0
1041,1041,Movie,Mary Reilly,tt0117002,6.0,1996.0
1042,1042,Movie,Frankenstein and Me,tt0116356,7.0,1996.0
62,62,Movie,Red Blooded American Girl,tt0100466,1.0,1997.0
472,472,Movie,Soulmates,tt0105446,9.0,1997.0
757,757,Movie,Enjeru dasuto,tt0109733,1.0,1997.0
867,867,Movie,Temptress,tt0109546,4.0,1997.0
873,873,Movie,Sorceress,tt0111244,5.0,1997.0
899,899,Movie,Habit,tt0113241,11.0,1997.0
961,961,Movie,Evil Ed,tt0116247,5.0,1997.0
980,980,Movie,Phoenix,tt0186833,,1997.0
1049,1049,Movie,The Frighteners,tt0116365,5.0,1997.0
1059,1059,Movie,The Island of Dr. Moreau,tt0116654,1.0,1997.0
1061,1061,Movie,Fatal Frames - Fotogrammi mortali,tt0116284,4.0,1997.0
1088,1088,Movie,Scream,tt0117571,6.0,1997.0
1091,1091,Movie,Tesis,tt0117883,6.0,1997.0
1185,1185,Movie,Les deux orphelines vampires,tt0112856,7.0,1997.0
1186,1186,Movie,Dead Innocent,tt0116048,4.0,1997.0
1187,1187,Movie,Campfire Tales,tt0115813,,1997.0
1188,1188,Movie,Asylum,tt0115584,5.0,1997.0
1190,1190,Movie,An American Werewolf in Paris,tt0118604,10.0,1997.0
1191,1191,Movie,Bimbo Movie Bash,tt0118724,6.0,1997.0
1192,1192,Movie,Maang gwai tung siu pooi jue lei,tt0118538,4.0,1997.0
1058,1058,Movie,Henry II: Portrait of a Serial Killer,tt0116516,8.0,1998.0
1099,1099,Movie,Darklands,tt0127500,5.0,1998.0
1189,1189,Movie,Killers,tt0116771,9.0,1998.0
1195,1195,Movie,Event Horizon,tt0119081,2.0,1998.0
1201,1201,Movie,Black Circle Boys,tt0118730,6.0,1998.0
1212,1212,Movie,I Know What You Did Last Summer,tt0119345,3.0,1998.0
1213,1213,Movie,Nightwatch,tt0119791,11.0,1998.0
1226,1226,Movie,Scream 2,tt0120082,4.0,1998.0
1227,1227,Movie,Spawn,tt0120177,5.0,1998.0
1234,1234,Movie,Aberration,tt0123371,7.0,1998.0
1235,1235,Movie,Cube,tt0123755,7.0,1998.0
1290,1290,Movie,Twilight of the Dark Master,tt0279487,1.0,1998.0
1341,1341,Movie,Deep Rising,tt0118956,7.0,1998.0
1343,1343,Movie,Shadow Builder,tt0117611,2.0,1998.0
1344,1344,Movie,Gut Pile,tt0119240,,1998.0
1345,1345,Movie,Phantom of the Opera,tt0119889,11.0,1998.0
1346,1346,Movie,Phantoms,tt0119891,7.0,1998.0
1347,1347,Movie,Rough Draft,tt0120039,5.0,1998.0
1349,1349,Movie,Vampires,tt0120877,10.0,1998.0
1350,1350,Movie,Blade,tt0120611,10.0,1998.0
1206,1206,Movie,Kokkuri-san,tt0119477,4.0,1999.0
1342,1342,Movie,Decampitated,tt0118951,2.0,1999.0
1348,1348,Movie,Prometheus,tt0119956,4.0,1999.0
1365,1365,Movie,Shrieker,tt0127282,9.0,1999.0
1369,1369,Movie,I Still Know What You Did Last Summer,tt0130018,4.0,1999.0
1379,1379,Movie,The Faculty,tt0133751,3.0,1999.0
1393,1393,Movie,Bride of Chucky,tt0144120,4.0,1999.0
1395,1395,Movie,Urban Legend,tt0146336,1.0,1999.0
1398,1398,Movie,Psycho,tt0155975,2.0,1999.0
1400,1400,Movie,Trance,tt0158011,7.0,1999.0
1405,1405,Movie,The Dentist 2,tt0161492,6.0,1999.0
1410,1410,Movie,Progeny,tt0167350,3.0,1999.0
1414,1414,Movie,Sombre,tt0166808,11.0,1999.0
1441,1441,Movie,Tomie,tt0240119,3.0,1999.0
1458,1458,Movie,Jaguimo,tt0293844,8.0,1999.0
1526,1526,Movie,Sangharsh,tt0111068,9.0,1999.0
1527,1527,Movie,Ghost Taxi,tt0116408,6.0,1999.0
1529,1529,Movie,Townies,tt0120361,11.0,1999.0
1530,1530,Movie,Virus,tt0120458,6.0,1999.0
1532,1532,Movie,Beowulf,tt0120604,4.0,1999.0
1260,1260,Movie,Barn of the Blood Llama,tt0162876,4.0,2000.0
1382,1382,Movie,Garden of Evil,tt0140067,12.0,2000.0
1385,1385,Movie,Pi,tt0138704,6.0,2000.0
1391,1391,Movie,Dark Confessions,tt0144156,6.0,2000.0
1528,1528,Movie,Hellblock 13,tt0119277,2.0,2000.0
1539,1539,Movie,Lake Placid,tt0139414,1.0,2000.0
1541,1541,Movie,Stigmata,tt0145531,5.0,2000.0
1542,1542,Movie,Resurrection,tt0142804,4.0,2000.0
1550,1550,Movie,Top of the Food Chain,tt0159797,3.0,2000.0
1554,1554,Movie,Revelation,tt0161942,8.0,2000.0
1555,1555,Movie,Sleepy Hollow,tt0162661,4.0,2000.0
1557,1557,Movie,Stir of Echoes,tt0164181,8.0,2000.0
1562,1562,Movie,Playing Dead,tt0167339,10.0,2000.0
1569,1569,Movie,Komodo,tt0172669,5.0,2000.0
1573,1573,Movie,Curiosity & the Cat,tt0182948,11.0,2000.0
1577,1577,Movie,House on Haunted Hill,tt0185371,5.0,2000.0
1606,1606,Movie,Sôseiji,tt0210302,8.0,2000.0
1629,1629,Movie,Ôdishon,tt0235198,10.0,2000.0
1732,1732,Movie,Scream 3,tt0134084,4.0,2000.0
1733,1733,Movie,Supernova,tt0134983,6.0,2000.0
812,812,Movie,Khagi-tragger,tt0135439,11.0,2001.0
1093,1093,Movie,X: The Movie,tt0118200,,2001.0
1353,1353,Movie,Urban Ghost Story,tt0120423,7.0,2001.0
1401,1401,Movie,1732 Høtten,tt0157411,1.0,2001.0
1420,1420,Movie,The Wolves of Kromer,tt0177394,3.0,2001.0
1605,1605,Movie,Non con un bang,tt0210195,5.0,2001.0
1608,1608,Movie,Presence of Mind,tt0211577,4.0,2001.0
1661,1661,Movie,San chuen liu see,tt0344290,7.0,2001.0
1738,1738,Movie,Ricky 6,tt0156020,4.0,2001.0
1740,1740,Movie,Lost Souls,tt0160484,4.0,2001.0
1742,1742,Movie,Bless the Child,tt0163983,8.0,2001.0
1745,1745,Movie,Subconscious Cruelty,tt0166370,4.0,2001.0
1749,1749,Movie,Cherry Falls,tt0175526,6.0,2001.0
1753,1753,Movie,Shadow of the Vampire,tt0189998,1.0,2001.0
1763,1763,Movie,Psycho Beach Party,tt0206226,9.0,2001.0
1765,1765,Movie,Ginger Snaps,tt0210070,5.0,2001.0
1768,1768,Movie,Terror Tract,tt0211661,6.0,2001.0
1775,1775,Movie,The St. Francisville Experiment,tt0218625,10.0,2001.0
1778,1778,Movie,Dracula 2002,tt0219653,6.0,2001.0
1780,1780,Movie,The Gift,tt0219699,4.0,2001.0
972,972,Movie,Gravely Speaking,tt0137797,11.0,2002.0
1538,1538,Movie,Lighthouse,tt0139426,7.0,2002.0
1853,1853,Movie,Versus,tt0275773,2.0,2002.0
1974,1974,Movie,From Hell,tt0120681,3.0,2002.0
1981,1981,Movie,Jason X,tt0211443,10.0,2002.0
1983,1983,Movie,Legion of the Dead,tt0213802,3.0,2002.0
1984,1984,Movie,Route 666,tt0215135,2.0,2002.0
1985,1985,Movie,Belphégor - Le fantôme du Louvre,tt0214529,3.0,2002.0
1998,1998,Movie,Thir13en Ghosts,tt0245674,3.0,2002.0
2004,2004,Movie,New Alcatraz,tt0250613,2.0,2002.0
2005,2005,Movie,The Bunker,tt0252963,9.0,2002.0
2008,2008,Movie,Cubbyhouse,tt0255909,2.0,2002.0
2012,2012,Movie,Jeepers Creepers,tt0263488,1.0,2002.0
2016,2016,Movie,Elvira's Haunted Hills,tt0265171,10.0,2002.0
2024,2024,Movie,Ripper: Letter from Hell,tt0268579,1.0,2002.0
2035,2035,Movie,Wendigo,tt0275067,1.0,2002.0
2044,2044,Movie,La biblia negra,tt0280645,2.0,2002.0
2053,2053,Movie,Requiem,tt0286917,8.0,2002.0
2075,2075,Movie,Koroshiya 1,tt0296042,7.0,2002.0
2092,2092,Movie,Soft for Digging,tt0303397,4.0,2002.0
1056,1056,Movie,Dark Breed,tt0116026,12.0,2003.0
1073,1073,Movie,The Macabre Pair of Shorts,tt0116951,1.0,2003.0
1632,1632,Movie,"Tha se do stin Kolasi, agapi mou",tt0244199,4.0,2003.0
1832,1832,Movie,The American Nightmare,tt0259182,7.0,2003.0
1988,1988,Movie,Dark Asylum,tt0224626,6.0,2003.0
2043,2043,Movie,Mr In-Between,tt0280962,10.0,2003.0
2048,2048,Movie,Shredder,tt0282163,12.0,2003.0
2218,2218,Movie,Crocodile 2: Death Swamp,tt0257510,3.0,2003.0
2224,2224,Movie,The Untold,tt0265944,5.0,2003.0
2225,2225,Movie,The Visitor,tt0270393,8.0,2003.0
2226,2226,Movie,Hollywood Vampyr,tt0270991,4.0,2003.0
2229,2229,Movie,Vampires: Los Muertos,tt0272147,6.0,2003.0
2231,2231,Movie,Darkness,tt0273517,5.0,2003.0
2232,2232,Movie,Unspeakable,tt0277412,12.0,2003.0
2237,2237,Movie,The Barber,tt0280462,4.0,2003.0
2240,2240,Movie,Bubba Ho-Tep,tt0281686,10.0,2003.0
2241,2241,Movie,My Little Eye,tt0280969,6.0,2003.0
2242,2242,Movie,Fangs,tt0282483,3.0,2003.0
2243,2243,Movie,They,tt0283632,2.0,2003.0
2246,2246,Movie,Cube 2: Hypercube,tt0285492,4.0,2003.0
1007,1007,Movie,Cleaner,tt0416645,1.0,2004.0
1200,1200,Movie,The Manson Family,tt0118840,10.0,2004.0
1875,1875,Movie,Ju-on 2,tt0330501,4.0,2004.0
1883,1883,Movie,Inmu,tt0356741,5.0,2004.0
2009,2009,Movie,Beneath Loch Ness,tt0256155,3.0,2004.0
2281,2281,Movie,Cabin Fever,tt0303816,2.0,2004.0
2320,2320,Movie,Thirteen Erotic Ghosts,tt0329954,9.0,2004.0
2326,2326,Movie,Rokugatsu no hebi,tt0330904,5.0,2004.0
2379,2379,Movie,Dark Heaven,tt0391044,9.0,2004.0
2458,2458,Movie,Beyond Re-Animator,tt0222812,4.0,2004.0
2494,2494,Movie,The Texas Chainsaw Massacre,tt0324216,1.0,2004.0
2497,2497,Movie,Love Object,tt0328077,9.0,2004.0
2506,2506,Movie,Vlad,tt0337744,2.0,2004.0
2510,2510,Movie,The Haunted Mansion,tt0338094,3.0,2004.0
2513,2513,Movie,Exorcism,tt0340103,4.0,2004.0
2517,2517,Movie,The Bone Snatcher,tt0343449,2.0,2004.0
2522,2522,Movie,Gothika,tt0348836,3.0,2004.0
2549,2549,Movie,Aragami,tt0362417,4.0,2004.0
2555,2555,Movie,Gokudô kyôfu dai-gekijô: Gozu,tt0361668,7.0,2004.0
2560,2560,Movie,Chakushin ari,tt0366292,10.0,2004.0
1064,1064,Movie,Head of the Family,tt0116503,11.0,2005.0
1130,1130,Movie,Reindeer Games,tt0234583,10.0,2005.0
1383,1383,Movie,The Landlady,tt0137904,1.0,2005.0
1412,1412,Movie,Talisman,tt0167438,11.0,2005.0
1461,1461,Movie,Dead Leaves,tt0308153,5.0,2005.0
1582,1582,Movie,Memorial Day,tt0189727,5.0,2005.0
1584,1584,Movie,Sixteen Tongues,tt0190008,,2005.0
1598,1598,Movie,Blood Dolls,tt0203343,11.0,2005.0
1622,1622,Movie,Ragdoll,tt0226362,11.0,2005.0
1887,1887,Movie,Acne,tt0368561,6.0,2005.0
2030,2030,Movie,Demonicus,tt0272069,11.0,2005.0
2032,2032,Movie,Freez'er,tt0273228,9.0,2005.0
2062,2062,Movie,Ritual,tt0289768,12.0,2005.0
2338,2338,Movie,Makdee,tt0341455,10.0,2005.0
2476,2476,Movie,Deadly Swarm,tt0303773,3.0,2005.0
2491,2491,Movie,The Last Horror Movie,tt0319728,5.0,2005.0
2504,2504,Movie,LD 50 Lethal Dose,tt0337659,1.0,2005.0
2558,2558,Movie,Monster Man,tt0365513,3.0,2005.0
2596,2596,Movie,Sur le seuil,tt0380732,3.0,2005.0
2609,2609,Movie,The Ghouls,tt0387254,3.0,2005.0
1543,1543,Movie,Tequila Body Shots,tt0144637,8.0,2006.0
1623,1623,Movie,Dr. Wong's Virtual Hell,tt0228237,3.0,2006.0
1957,1957,Movie,Tafanos,tt6409922,6.0,2006.0
1991,1991,Movie,Cookers,tt0233481,4.0,2006.0
2466,2466,Movie,Razor Eaters,tt0293546,7.0,2006.0
2546,2546,Movie,Kohtalon kirja,tt0359564,10.0,2006.0
2754,2754,Movie,Dead & Breakfast,tt0350774,7.0,2006.0
2761,2761,Movie,Hellbent,tt0356159,7.0,2006.0
2767,2767,Movie,Guardian of the Realm,tt0361679,11.0,2006.0
2786,2786,Movie,The Lazarus Child,tt0368836,11.0,2006.0
2838,2838,Movie,Zombie Honeymoon,tt0399934,4.0,2006.0
2843,2843,Movie,The Birthday,tt0402063,11.0,2006.0
2881,2881,Movie,Harvest of Fear,tt0419797,3.0,2006.0
2897,2897,Movie,Vinzent,tt0423485,7.0,2006.0
3076,3076,Movie,2001 Maniacs,tt0264323,7.0,2006.0
3092,3092,Movie,Silence Becomes You,tt0359984,5.0,2006.0
3099,3099,Movie,Beneath Still Waters,tt0371572,4.0,2006.0
3101,3101,Movie,The Zodiac,tt0371739,8.0,2006.0
3107,3107,Movie,Evil Aliens,tt0383353,3.0,2006.0
3108,3108,Movie,BloodRayne,tt0383222,1.0,2006.0
1413,1413,Movie,Death Mask,tt0167107,,2007.0
1421,1421,Movie,Zbogum na dvaesetiot vek,tt0179196,10.0,2007.0
1491,1491,Movie,Night of the Bums,tt1929326,6.0,2007.0
1600,1600,Movie,Bohemian Moon,tt0204172,,2007.0
2256,2256,Movie,Sangre Eterna,tt0287665,2.0,2007.0
2503,2503,Movie,Little Erin Merryweather,tt0330568,9.0,2007.0
2518,2518,Movie,Red Rover,tt0345852,7.0,2007.0
2789,2789,Movie,Dead Clowns,tt0372859,7.0,2007.0
2947,2947,Movie,TL-1 Mi reino por un platillo volador,tt0458972,11.0,2007.0
3168,3168,Movie,Feast,tt0426459,1.0,2007.0
3179,3179,Movie,Haunted Boat,tt0428081,7.0,2007.0
3219,3219,Movie,Death by Engagement,tt0446309,10.0,2007.0
3266,3266,Movie,Penny Dreadful,tt0462475,6.0,2007.0
3327,3327,Movie,The Retreat,tt0481610,1.0,2007.0
3330,3330,Movie,Doll Graveyard,tt0482495,4.0,2007.0
3390,3390,Movie,Pony Trouble,tt0865929,3.0,2007.0
3395,3395,Movie,Spooked,tt0951361,2.0,2007.0
3517,3517,Movie,Perfect Creature,tt0403407,10.0,2007.0
3540,3540,Movie,The Return,tt0433442,3.0,2007.0
3542,3542,Movie,Dark Ride,tt0433963,2.0,2007.0
1769,1769,Movie,Citizen Toxie: The Toxic Avenger IV,tt0212879,8.0,2008.0
2164,2164,Movie,Planet Blood,tt1572165,,2008.0
2893,2893,Movie,Murder-Set-Pieces,tt0422779,4.0,2008.0
3248,3248,Movie,Nightmare,tt0455983,2.0,2008.0
3535,3535,Movie,Inside,tt0425132,2.0,2008.0
3545,3545,Movie,The Gravedancers,tt0435653,8.0,2008.0
3586,3586,Movie,The Last Winter,tt0454864,9.0,2008.0
3592,3592,Movie,Simon Says,tt0458480,4.0,2008.0
3594,3594,Movie,KM 31: Kilómetro 31,tt0460485,2.0,2008.0
3626,3626,Movie,Automaton Transfusion,tt0469683,5.0,2008.0
3637,3637,Movie,Awakening,tt0473738,9.0,2008.0
3656,3656,Movie,The House of Adam,tt0481545,5.0,2008.0
3686,3686,Movie,All the Boys Love Mandy Lane,tt0490076,5.0,2008.0
3793,3793,Movie,Cryptid,tt0832292,,2008.0
3818,3818,Movie,Satan's Whip,tt0863095,3.0,2008.0
3832,3832,Movie,Serum,tt0872335,6.0,2008.0
3835,3835,Movie,The Zombie Diaries,tt0876294,5.0,2008.0
3842,3842,Movie,Zonbi jieitai,tt0879265,9.0,2008.0
3846,3846,Movie,Nature Morte,tt0884803,2.0,2008.0
4015,4015,Movie,The Devil's Muse,tt0372005,,2008.0
197,197,Movie,Night of the Dribbler,tt1483789,9.0,2009.0
947,947,Movie,Xtro 3: Watch the Skies,tt0115006,6.0,2009.0
971,971,Movie,Scathed,tt0137205,5.0,2009.0
1833,1833,Movie,Up Syndrome,tt0261375,4.0,2009.0
3169,3169,Movie,Stomp! Shout! Scream!,tt0426584,4.0,2009.0
3332,3332,Movie,The Orb,tt0484873,4.0,2009.0
3479,3479,Movie,O Fim da Picada,tt6048938,8.0,2009.0
3527,3527,Movie,Memory,tt0418879,2.0,2009.0
3532,3532,Movie,Sam's Lake,tt0423116,10.0,2009.0
3543,3543,Movie,The Visitation,tt0435770,,2009.0
3569,3569,Movie,Rohtenburg,tt0448400,6.0,2009.0
3719,3719,Movie,Seed,tt0758781,5.0,2009.0
3815,3815,Movie,Header,tt0861350,6.0,2009.0
3923,3923,Movie,Prometheus Triumphant,tt1368989,1.0,2009.0
3960,3960,Movie,Beneath Our Masks,tt2288794,11.0,2009.0
4049,4049,Movie,Borderland,tt0452592,4.0,2009.0
4067,4067,Movie,Drive Thru,tt0466766,5.0,2009.0
4138,4138,Movie,A Dog's Breakfast,tt0796314,7.0,2009.0
4170,4170,Movie,Fall Down Dead,tt0834539,12.0,2009.0
4185,4185,Movie,Summer Scars,tt0847527,6.0,2009.0
425,425,Movie,Evil Toons,tt0099524,,2010.0
974,974,Movie,Colony Mutation,tt0155636,3.0,2010.0
1560,1560,Movie,Terror Firmer,tt0169299,3.0,2010.0
2055,2055,Movie,Seance,tt0286055,10.0,2010.0
2844,2844,Movie,Starkweather,tt0404456,9.0,2010.0
3354,3354,Movie,In Memorium,tt0491777,11.0,2010.0
3531,3531,Movie,Hatchet,tt0422401,4.0,2010.0
3596,3596,Movie,Driftwood,tt0460777,12.0,2010.0
3598,3598,Movie,Cutting Room,tt0460760,9.0,2010.0
3741,3741,Movie,Fingerprints,tt0790662,4.0,2010.0
3949,3949,Movie,The Fear (El Miedo),tt1853699,3.0,2010.0
4041,4041,Movie,Cult,tt0445948,8.0,2010.0
4173,4173,Movie,The Devil's Chair,tt0837791,7.0,2010.0
4388,4388,Movie,The Legend of Sorrow Creek,tt1117598,1.0,2010.0
4450,4450,Movie,The Shadow Within,tt1261065,2.0,2010.0
4731,4731,Movie,Kandisha,tt1033483,9.0,2010.0
4759,4759,Movie,Intrusos en Manasés,tt1077084,7.0,2010.0
4761,4761,Movie,Stag Night,tt1082599,2.0,2010.0
4774,4774,Movie,The Disappeared,tt1094295,2.0,2010.0
4795,4795,Movie,The Daisy Chain,tt1129415,4.0,2010.0
402,402,Movie,Where Evil Lives,tt2005404,6.0,2011.0
517,517,Movie,Sabotator,tt0174179,1.0,2011.0
3188,3188,Movie,My Demon Within,tt0432968,10.0,2011.0
3692,3692,Movie,Dead in the Water,tt0494218,,2011.0
4118,4118,Movie,Days of Darkness,tt0499456,5.0,2011.0
4165,4165,Movie,Left for Dead,tt0820914,8.0,2011.0
4234,4234,Movie,Tyrannosaurus Azteca,tt0925306,2.0,2011.0
4515,4515,Movie,A praga,tt2016844,,2011.0
4613,4613,Movie,El club de la muerte,tt0808223,6.0,2011.0
4618,4618,Movie,All That Is Hidden,tt0819753,9.0,2011.0
4692,4692,Movie,The Vanguard,tt0977669,10.0,2011.0
4724,4724,Movie,Fog Warning,tt1027812,10.0,2011.0
4741,4741,Movie,Devil's Grove,tt1051704,6.0,2011.0
4789,4789,Movie,Bonnie & Clyde vs. Dracula,tt1117379,3.0,2011.0
4800,4800,Movie,Born of Earth,tt1132438,10.0,2011.0
4871,4871,Movie,12-24,tt1232198,,2011.0
4919,4919,Movie,Colin,tt1278322,3.0,2011.0
4925,4925,Movie,Make-Out with Violence,tt1284485,7.0,2011.0
4937,4937,Movie,Resurrection County,tt1297943,10.0,2011.0
5244,5244,Movie,Don't Look Up,tt1034305,1.0,2011.0
1415,1415,Movie,Viewer Discretion Advised,tt0171889,5.0,2012.0
2597,2597,Movie,Maplewoods,tt0380527,10.0,2012.0
2654,2654,Movie,Three Shades of Black,tt0833998,5.0,2012.0
3604,3604,Movie,Poultrygeist: Night of the Chicken Dead,tt0462485,7.0,2012.0
4374,4374,Movie,Blackwater,tt1104684,7.0,2012.0
4444,4444,Movie,Tin Can Man,tt1235811,3.0,2012.0
4784,4784,Movie,Deadlands 2: Trapped,tt1103262,7.0,2012.0
4959,4959,Movie,Colour from the Dark,tt1318056,3.0,2012.0
5092,5092,Movie,Keepsake,tt2014264,2.0,2012.0
5098,5098,Movie,Dead Ahead,tt2122322,,2012.0
5148,5148,Movie,Silent Rails,tt6390126,4.0,2012.0
5204,5204,Movie,Nine Miles Down,tt0812352,6.0,2012.0
5309,5309,Movie,Four Boxes,tt1144545,9.0,2012.0
5470,5470,Movie,The Revenant,tt1336006,8.0,2012.0
5500,5500,Movie,Umbrage,tt1349486,10.0,2012.0
5509,5509,Movie,Neighbor,tt1362103,9.0,2012.0
5601,5601,Movie,Break,tt1433089,9.0,2012.0
5626,5626,Movie,Won Ton Baby!,tt1449395,3.0,2012.0
5648,5648,Movie,The Human Centipede (First Sequence),tt1467304,3.0,2012.0
5681,5681,Movie,The Blackout,tt1489946,9.0,2012.0
538,538,Movie,Domnisoara Christina,tt0272585,,2013.0
1196,1196,Movie,Bleak Future,tt0118739,7.0,2013.0
2480,2480,Movie,Fear of the Dark,tt0308252,3.0,2013.0
3770,3770,Movie,Séance,tt0814343,8.0,2013.0
4078,4078,Movie,AfterThought,tt0476985,9.0,2013.0
4089,4089,Movie,Death Knows Your Name,tt0483083,2.0,2013.0
4300,4300,Movie,Wasting Away,tt1027762,1.0,2013.0
4573,4573,Movie,Death's Door,tt0439536,5.0,2013.0
4638,4638,Movie,Deadgirl,tt0896534,4.0,2013.0
4969,4969,Movie,Disgruntled,tt1326938,4.0,2013.0
5795,5795,Movie,The Fallow Field,tt1568892,3.0,2013.0
5883,5883,Movie,Resurrezione di cuori,tt2542408,2.0,2013.0
5972,5972,Movie,The Dead Matter,tt1055363,7.0,2013.0
5985,5985,Movie,On a Dark and Stormy Night,tt1151919,4.0,2013.0
5992,5992,Movie,Shelter,tt1179069,3.0,2013.0
6019,6019,Movie,Hatchet II,tt1270835,7.0,2013.0
6068,6068,Movie,Luster,tt1351186,4.0,2013.0
6079,6079,Movie,The Final,tt1390535,2.0,2013.0
6259,6259,Movie,Nick the Geek,tt1611948,9.0,2013.0
6268,6268,Movie,Curio,tt1617072,5.0,2013.0
1838,1838,Movie,Monarch,tt0264916,9.0,2014.0
3167,3167,Movie,Blood Deep,tt0424855,10.0,2014.0
4663,4663,Movie,Heatstroke,tt0925245,8.0,2014.0
4892,4892,Movie,From Inside,tt1254956,10.0,2014.0
4943,4943,Movie,Thicker Than Water: The Vampire Diaries Part 1,tt1305766,11.0,2014.0
5313,5313,Movie,Mutants,tt1146320,9.0,2014.0
5523,5523,Movie,Legend Has It,tt1373452,9.0,2014.0
6035,6035,Movie,All About Evil,tt1307858,6.0,2014.0
6119,6119,Movie,Cannibal,tt1475531,12.0,2014.0
6225,6225,Movie,Black Eve,tt1594913,10.0,2014.0
6254,6254,Movie,Natural Demise,tt1612610,1.0,2014.0
6471,6471,Movie,House Swap,tt1740762,6.0,2014.0
6714,6714,Movie,Spookshow a Go Go!,tt5444454,2.0,2014.0
6809,6809,Movie,Beg,tt1327699,,2014.0
6852,6852,Movie,Collapse,tt1524114,9.0,2014.0
6853,6853,Movie,Orcs!,tt1524134,9.0,2014.0
6868,6868,Movie,Mask Face,tt1553304,,2014.0
6949,6949,Movie,Fantasmi,tt1699122,7.0,2014.0
6972,6972,Movie,Mimesis,tt1720164,1.0,2014.0
6982,6982,Movie,Father's Day,tt1727261,1.0,2014.0
3478,3478,Movie,In the Dark,tt5984752,10.0,2015.0
4201,4201,Movie,Trick 'r Treat,tt0862856,11.0,2015.0
5451,5451,Movie,Abundant Sunshine,tt1326189,,2015.0
5590,5590,Movie,The Crypt,tt1425252,1.0,2015.0
5943,5943,Movie,The Invited,tt0490236,3.0,2015.0
5953,5953,Movie,Monkeyman935,tt0914852,,2015.0
5974,5974,Movie,Beyond the Grave,tt1075642,2.0,2015.0
6311,6311,Movie,Toxic Lullaby,tt1640193,7.0,2015.0
6409,6409,Movie,Hole,tt1704721,11.0,2015.0
6623,6623,Movie,Bum with a Gun,tt1951141,10.0,2015.0
6816,6816,Movie,Breath of Hate,tt1344303,,2015.0
6912,6912,Movie,Panman,tt1645126,4.0,2015.0
7086,7086,Movie,Dead Crazy,tt1815664,,2015.0
7246,7246,Movie,Revenge Is Her Middle Name,tt1922698,8.0,2015.0
7503,7503,Movie,Slice 2,tt2132453,7.0,2015.0
7506,7506,Movie,Slice,tt2132452,1.0,2015.0
7714,7714,Movie,Un cuento Latinoamericano,tt10926206,11.0,2015.0
7733,7733,Movie,O Apóstolo,tt1331294,4.0,2015.0
7822,7822,Movie,"Joshua Tree, 1951: A Portrait of James Dean",tt1705113,6.0,2015.0
7853,7853,Movie,Cell Count,tt1789724,12.0,2015.0
191,191,Movie,The Exorcist III: Legion,tt10045260,10.0,2016.0
3476,3476,Movie,Nightmare at the Fear Factory,tt5656856,4.0,2016.0
3512,3512,Movie,Swarm of the Snakehead,tt0390528,7.0,2016.0
4570,4570,Movie,The Horror Vault,tt0369424,10.0,2016.0
5201,5201,Movie,Rovdrift,tt0811047,10.0,2016.0
5375,5375,Movie,The Shortcut,tt1243955,8.0,2016.0
5391,5391,Movie,House of Flesh Mannequins,tt1266073,4.0,2016.0
5480,5480,Movie,Livestock,tt1337510,1.0,2016.0
6092,6092,Movie,Orgy of the Damned,tt1403210,5.0,2016.0
6789,6789,Movie,Dead Stop,tt1229404,1.0,2016.0
7885,7885,Movie,The Wish,tt1849165,11.0,2016.0
8077,8077,Movie,Perdition,tt2146590,8.0,2016.0
8566,8566,Movie,The Ecstasy of Isabel Mann,tt2524934,4.0,2016.0
8775,8775,Movie,The Gauntlet,tt1067773,5.0,2016.0
8842,8842,Movie,Innocence,tt1724965,1.0,2016.0
8907,8907,Movie,Don't Let Me Go,tt1976629,10.0,2016.0
8929,8929,Movie,No Tell Motel,tt2049511,10.0,2016.0
8949,8949,Movie,Craters of the Moon,tt2089653,,2016.0
9074,9074,Movie,Jurassic Attack,tt2303110,3.0,2016.0
9097,9097,Movie,Judas Ghost,tt2338027,9.0,2016.0
3062,3062,Movie,Solomon's Requiem,tt7521848,10.0,2017.0
5703,5703,Movie,GoatSucker,tt1508667,12.0,2017.0
6081,6081,Movie,And Soon the Darkness,tt1391034,3.0,2017.0
6242,6242,Movie,Zombie Beach,tt1604064,2.0,2017.0
6244,6244,Movie,Playing Cards,tt1604164,,2017.0
6464,6464,Movie,The Mitchell Tapes,tt1736046,9.0,2017.0
8052,8052,Movie,The Garlock Incident,tt2125650,9.0,2017.0
8079,8079,Movie,Found,tt2149360,1.0,2017.0
8166,8166,Movie,Berserk: Ougon Jidai-hen I - Haou no Tamago,tt2210479,3.0,2017.0
8398,8398,Movie,Splash Area,tt2354365,5.0,2017.0
8403,8403,Movie,Berserk: Ougon jidai-hen II - Dorudorei koryaku,tt2358911,3.0,2017.0
8432,8432,Movie,Bukunja Tekunja Mitti: The Cannibals,tt2379727,9.0,2017.0
8735,8735,Movie,KFC,tt7446638,1.0,2017.0
8859,8859,Movie,Haunted Maze,tt1786503,1.0,2017.0
8881,8881,Movie,The Dead Inside,tt1893415,4.0,2017.0
9109,9109,Movie,Berserk: Ougon jidai-hen III - Kourin,tt2358913,3.0,2017.0
9162,9162,Movie,The Secret Village,tt2401789,4.0,2017.0
9226,9226,Movie,Shen gong yuan ling,tt2510700,11.0,2017.0
9262,9262,Movie,Krampus: The Christmas Devil,tt2578608,8.0,2017.0
9288,9288,Movie,Seventy-Nine,tt2625948,6.0,2017.0
4402,4402,Movie,Black Devil Doll,tt1139783,8.0,2018.0
8573,8573,Movie,Rumah dan Musim Hujan,tt2549996,2.0,2018.0
8850,8850,Movie,Paranormal Whacktivity,tt1757831,7.0,2018.0
8866,8866,Movie,House of Blood,tt1826693,10.0,2018.0
9210,9210,Movie,Insaciable,tt2476260,10.0,2018.0
9573,9573,Movie,The Snow Queen,tt3117746,6.0,2018.0
9944,9944,Movie,Alligator X,tt1666187,11.0,2018.0
10025,10025,Movie,Snow Owl Slaughter,tt2210886,12.0,2018.0
10108,10108,Movie,Amerikan Violence,tt2408922,8.0,2018.0
10224,10224,Movie,Something Sinister,tt2791290,11.0,2018.0
10277,10277,Movie,Cut Her Out,tt2932498,10.0,2018.0
10323,10323,Movie,Shhhh,tt3038808,4.0,2018.0
10376,10376,Movie,Hazard Jack,tt3170972,12.0,2018.0
10504,10504,Movie,The Drownsman,tt3450134,1.0,2018.0
10576,10576,Movie,Hungerford,tt3552892,4.0,2018.0
10792,10792,Movie,P.O.E. Pieces of Eldritch (P.O.E. 3),tt3890934,4.0,2018.0
10835,10835,Movie,Crazy Murder,tt4007618,10.0,2018.0
10951,10951,Movie,There's Something in the Pilliga,tt4265962,,2018.0
11169,11169,Movie,Axe to Grind,tt1634275,10.0,2018.0
11288,11288,Movie,Chatter,tt2577636,5.0,2018.0
635,635,Movie,Hocus Pocus,tt0107120,9.0,2019.0
2253,2253,Movie,Dahmer,tt0285728,,2019.0
4080,4080,Movie,Cthulhu,tt0478126,12.0,2019.0
4470,4470,Movie,Solos,tt1361838,10.0,2019.0
4704,4704,Movie,Farm House,tt0996934,10.0,2019.0
4948,4948,Movie,The Open Door,tt1308660,10.0,2019.0
6814,6814,Movie,The Shadows,tt1337022,8.0,2019.0
6818,6818,Movie,Infection: The Invasion Begins,tt1386583,7.0,2019.0
7806,7806,Movie,The Facility,tt1650044,1.0,2019.0
7889,7889,Movie,The Helpers,tt1854582,5.0,2019.0
7904,7904,Movie,Night of the Living Dead 3D: Re-Animation,tt1879012,5.0,2019.0
7977,7977,Movie,Would You Rather,tt1999995,6.0,2019.0
7998,7998,Movie,Sanctuary; Quite a Conundrum,tt2049518,6.0,2019.0
8295,8295,Movie,100 Ghost Street: The Return of Richard Speck,tt2297108,7.0,2019.0
9116,9116,Movie,Scrape,tt2369275,11.0,2019.0
9172,9172,Movie,The Forbidden Dimensions,tt2413516,6.0,2019.0
9254,9254,Movie,Army of the Damned,tt2570436,11.0,2019.0
9297,9297,Movie,Ragin Cajun Redneck Gators,tt2634414,5.0,2019.0
9400,9400,Movie,HazMat,tt2821832,11.0,2019.0
10164,10164,Movie,The Pick-Axe Murders Part III: The Final Chapter,tt2614814,11.0,2019.0
4157,4157,Movie,Trigger Man,tt0814365,4.0,2020.0
7739,7739,Movie,Ralph Baker the Deadly Years,tt13671426,7.0,2020.0
9113,9113,Movie,Lord of Tears,tt2367066,8.0,2020.0
10236,10236,Movie,Blood Punch,tt2825230,4.0,2020.0
10261,10261,Movie,Inner Demon,tt2887840,5.0,2020.0
10321,10321,Movie,Extinction,tt3033080,3.0,2020.0
10331,10331,Movie,The Editor,tt3067274,7.0,2020.0
10499,10499,Movie,Apocalypse L.A.,tt3439114,6.0,2020.0
11229,11229,Movie,Don't Speak,tt2181298,10.0,2020.0
11629,11629,Movie,Savageland,tt3899154,5.0,2020.0
11639,11639,Movie,The Rezort,tt3923662,5.0,2020.0
12093,12093,Movie,Kristen,tt4960576,2.0,2020.0
12489,12489,Movie,Cruiser,tt2451902,8.0,2020.0
12618,12618,Movie,Found Footage 3D,tt3449006,4.0,2020.0
12683,12683,Movie,Dwelling,tt3748540,2.0,2020.0
12814,12814,Movie,Brew House,tt4419958,10.0,2020.0
13009,13009,Movie,My Uncle John Is a Zombie!,tt5009208,4.0,2020.0
13023,13023,Movie,Almost Dead,tt5037358,2.0,2020.0
13083,13083,Movie,Sheborg Massacre,tt5196516,5.0,2020.0
13105,13105,Movie,Servants' Quarters,tt5236976,,2020.0
2106,2106,Movie,Jisatsu sâkuru,tt0312843,5.0,2021.0
2925,2925,Movie,Pa-siyam,tt0439750,11.0,2021.0
3516,3516,Movie,Abominable,tt0402743,6.0,2021.0
4065,4065,Movie,28 Weeks Later,tt0463854,10.0,2021.0
5445,5445,Movie,Psalm 21,tt1322355,12.0,2021.0
7859,7859,Movie,Shiver,tt1800734,2.0,2021.0
9088,9088,Movie,Beneath,tt2325518,3.0,2021.0
10208,10208,Movie,Wormwood's End,tt2734554,5.0,2021.0
10547,10547,Movie,Hide and Go Seek,tt3519946,8.0,2021.0
12440,12440,Movie,Wait Till Helen Comes,tt1821701,2.0,2021.0
12464,12464,Movie,Vilsen,tt2256570,12.0,2021.0
12605,12605,Movie,The Barn,tt3390550,7.0,2021.0
12685,12685,Movie,The Key,tt3757374,6.0,2021.0
12843,12843,Movie,Morgan,tt4520364,4.0,2021.0
13173,13173,Movie,Devil in the City of Crosses,tt5421116,9.0,2021.0
14194,14194,Movie,Feral,tt4974778,7.0,2021.0
14531,14531,Movie,Demons,tt6175486,1.0,2021.0
15012,15012,Movie,The Sandman,tt7369722,5.0,2021.0
15069,15069,Movie,The Black Gloves,tt6819948,2.0,2021.0
15138,15138,Movie,Si-gan-wi-ui jib,tt6814252,1.0,2021.0
13942,13942,Movie,The Curse of All Hallows' Eve,tt3228450,,2022.0
15232,15232,Movie,The Getaway,tt19849594,,2022.0
18491,18491,Movie,Children of the Corn,tt12311866,,2022.0
18994,18994,Movie,Stoker Hills,tt6668220,1.0,2022.0
19320,19320,Movie,Ditched,tt10166508,1.0,2022.0
19321,19321,Movie,Shepherd,tt10196620,2.0,2022.0
19333,19333,Movie,Incantation,tt10333688,8.0,2022.0
19338,19338,Movie,Terror Trips,tt10384456,2.0,2022.0
19341,19341,Movie,You Are Not My Mother,tt10406596,3.0,2022.0
19366,19366,Movie,Slapface,tt10601552,,2022.0
19379,19379,Movie,The Free Fall,tt10703978,1.0,2022.0
19385,19385,Movie,The Feast,tt10738906,4.0,2022.0
19458,19458,Movie,Remnants,tt11319994,3.0,2022.0
19467,19467,Movie,A Banquet,tt11400902,2.0,2022.0
19525,19525,Movie,La abuela,tt11807888,,2022.0
19603,19603,Movie,Veneciafrenia,tt12412166,4.0,2022.0
19614,19614,Movie,The Seed,tt12449586,,2022.0
19632,19632,Movie,A Savannah Haunting,tt12574708,10.0,2022.0
19655,19655,Movie,Sindrom,tt12742070,2.0,2022.0
19793,19793,Movie,The Wasteland,tt13323118,1.0,2022.0
20836,20836,Movie,Praktkarn,tt28781775,2.0,2023.0
20906,20906,Movie,The Bigfoot Legacy,tt11760866,3.0,2023.0
20932,20932,Movie,Unwelcome,tt12447796,1.0,2023.0
20933,20933,Movie,Paranormal Activity 8: The Other Side,tt12459328,10.0,2023.0
20951,20951,Movie,6 Wheels from Hell!,tt12730580,3.0,2023.0
20959,20959,Movie,Koputus,tt12851130,2.0,2023.0
20974,20974,Movie,Dark Haven,tt13057276,10.0,2023.0
20976,20976,Movie,The Offering,tt13103732,1.0,2023.0
20991,20991,Movie,Horror-Scopes Volume One,tt13297556,10.0,2023.0
21040,21040,Movie,Lobo Feroz,tt14118246,1.0,2023.0
21054,21054,Movie,Tales of Legend,tt14381672,,2023.0
21083,21083,Movie,Brightwood,tt14736734,,2023.0
21085,21085,Movie,Marerittet,tt14807000,2.0,2023.0
21168,21168,Movie,Katharina,tt15440746,1.0,2023.0
21204,21204,Movie,El Ucumar,tt15695764,1.0,2023.0
21224,21224,Movie,Cryptid,tt4974812,1.0,2023.0
21247,21247,Movie,The Wraith Within,tt6913472,2.0,2023.0
21263,21263,Movie,M3gan,tt8760708,1.0,2023.0
21415,21415,Movie,La niña de la comunión,tt18072540,2.0,2023.0
21594,21594,Movie,Demonio Eclipse Rojo,tt20214514,,2023.0
